und,W,mode,fill_rate,fills,spread_ticks_p50,taker_15,passive_15,passive_net_15,adv_15,pass_sess_pos_15,taker_30,passive_30,passive_net_30,adv_30,pass_sess_pos_30,taker_60,passive_60,passive_net_60,adv_60,pass_sess_pos_60
NIFTY,5,cons,0.56,13389,3.0,-0.736,-1.101,-1.336,0.027,0,-0.768,-1.111,-1.346,-0.005,0,-0.71,-1.109,-1.344,0.053,0
NIFTY,5,opt,0.74,17697,3.0,-0.495,-0.833,-1.068,-0.14,0,-0.525,-0.845,-1.081,-0.171,0,-0.481,-0.828,-1.064,-0.125,0
NIFTY,15,cons,0.731,17476,3.0,-0.724,-1.096,-1.331,0.037,0,-0.76,-1.112,-1.347,0.0,0,-0.686,-1.098,-1.333,0.075,0
NIFTY,15,opt,0.846,20232,3.0,-0.483,-0.821,-1.056,-0.161,0,-0.51,-0.832,-1.067,-0.188,0,-0.438,-0.803,-1.038,-0.115,0
NIFTY,30,cons,0.809,19348,3.0,-0.723,-1.102,-1.337,0.035,0,-0.764,-1.107,-1.342,-0.006,0,-0.683,-1.094,-1.329,0.075,0
NIFTY,30,opt,0.892,21331,3.0,-0.475,-0.818,-1.053,-0.162,0,-0.5,-0.822,-1.058,-0.188,0,-0.422,-0.796,-1.032,-0.109,0
SENSEX,5,cons,0.509,12156,15.0,-0.435,-0.611,-0.84,0.013,0,-0.425,-0.631,-0.86,0.022,0,-0.413,-0.633,-0.862,0.034,0
SENSEX,5,opt,0.68,16246,15.0,-0.3,-0.466,-0.695,-0.001,0,-0.303,-0.495,-0.724,-0.003,0,-0.298,-0.496,-0.725,0.001,0
SENSEX,15,cons,0.698,16668,15.0,-0.455,-0.626,-0.855,-0.006,0,-0.457,-0.649,-0.878,-0.008,0,-0.449,-0.657,-0.886,0.0,0
SENSEX,15,opt,0.816,19495,15.0,-0.315,-0.474,-0.703,-0.015,0,-0.318,-0.503,-0.732,-0.017,0,-0.306,-0.508,-0.737,-0.006,0
SENSEX,30,cons,0.784,18720,15.0,-0.456,-0.626,-0.855,-0.006,0,-0.453,-0.646,-0.875,-0.003,0,-0.444,-0.652,-0.88,0.006,0
SENSEX,30,opt,0.868,20726,15.0,-0.318,-0.477,-0.706,-0.018,0,-0.317,-0.503,-0.732,-0.018,0,-0.305,-0.507,-0.736,-0.006,0
